{"cameraMode":{"drawMode":0,"name":"Shaded","section":"Shading Mode"},"sceneLighting":true,"audioPlay":false,"sceneViewState":{"m_AlwaysRefresh":false,"showFog":true,"showSkybox":true,"showFlares":true,"showImageEffects":true,"showParticleSystems":true,"showVisualEffectGraphs":true,"m_FxEnabled":true},"in2DMode":false,"pivot":{"x":94.69170379638672,"y":24.137147903442384,"z":74.16641235351563},"rotation":{"x":0.29204460978507998,"y":0.014345385134220124,"z":-0.004380994010716677,"w":0.9562875032424927},"size":0.17298181354999543,"orthographic":false}