{"cameraMode":{"drawMode":0,"name":"Shaded","section":"Shading Mode"},"sceneLighting":false,"audioPlay":false,"sceneViewState":{"m_AlwaysRefresh":false,"showFog":true,"showSkybox":false,"showFlares":true,"showImageEffects":true,"showParticleSystems":true,"showVisualEffectGraphs":true,"m_FxEnabled":true},"in2DMode":false,"pivot":{"x":99.38575744628906,"y":12.871237754821778,"z":63.75968933105469},"rotation":{"x":-0.0032856552861630918,"y":0.12030422687530518,"z":-0.00039812392788007855,"w":-0.9927322864532471},"size":92.03057098388672,"orthographic":false}