{"cameraMode":{"drawMode":0,"name":"Shaded","section":"Shading Mode"},"sceneLighting":true,"audioPlay":false,"sceneViewState":{"m_AlwaysRefresh":false,"showFog":true,"showSkybox":true,"showFlares":true,"showImageEffects":true,"showParticleSystems":true,"showVisualEffectGraphs":true,"m_FxEnabled":true},"in2DMode":false,"pivot":{"x":97.55601501464844,"y":30.194910049438478,"z":129.84828186035157},"rotation":{"x":0.13161428272724152,"y":0.44485414028167727,"z":-0.06627669185400009,"w":0.8833997845649719},"size":0.8614641427993774,"orthographic":false}